FECHA,AMAZONAS,ANCASH,APURIMAC,AREQUIPA,AYACUCHO,CAJAMARCA,CALLAO,CUSCO,HUANCAVELICA,HUANUCO,ICA,JUNIN,LA LIBERTAD,LAMBAYEQUE,LIMA,LIMA REGION,LORETO,MADRE DE DIOS,MOQUEGUA,PASCO,PIURA,PUNO,SAN MARTIN,TACNA,TUMBES,UCAYALI,PERÃš
2020-03-06,0.0,0.0,0.0,0.0,0.0,0.0,0.0,0.0,0.0,0.0,0.0,0.0,0.0,0.0,1.0,0.0,0.0,0.0,0.0,0.0,0.0,0.0,0.0,0.0,0.0,0.0,1.0
2020-03-07,0.0,0.0,0.0,1.0,0.0,0.0,0.0,0.0,0.0,0.0,0.0,0.0,0.0,0.0,4.0,0.0,0.0,0.0,0.0,0.0,0.0,0.0,0.0,0.0,0.0,0.0,5.0
2020-03-08,0.0,0.0,0.0,0.0,0.0,0.0,0.0,0.0,0.0,0.0,0.0,0.0,0.0,0.0,2.0,0.0,0.0,0.0,0.0,0.0,0.0,0.0,0.0,0.0,0.0,0.0,2.0
2020-03-09,0.0,0.0,0.0,0.0,0.0,0.0,0.0,0.0,0.0,2.0,0.0,0.0,0.0,0.0,1.0,0.0,0.0,0.0,0.0,0.0,0.0,0.0,0.0,0.0,0.0,0.0,3.0
2020-03-10,0.0,0.0,0.0,0.0,0.0,0.0,0.0,0.0,0.0,0.0,0.0,0.0,0.0,0.0,1.0,0.0,0.0,0.0,0.0,0.0,0.0,0.0,0.0,0.0,0.0,0.0,1.0
2020-03-11,0.0,0.0,0.0,1.0,0.0,0.0,0.0,0.0,0.0,0.0,1.0,0.0,0.0,0.0,6.0,0.0,0.0,0.0,0.0,0.0,0.0,0.0,0.0,0.0,0.0,0.0,8.0
2020-03-12,0.0,0.0,0.0,0.0,0.0,0.0,0.0,0.0,0.0,0.0,0.0,0.0,0.0,0.0,8.0,0.0,0.0,0.0,0.0,0.0,0.0,0.0,0.0,0.0,0.0,0.0,8.0
2020-03-13,0.0,0.0,0.0,0.0,0.0,0.0,0.0,1.0,0.0,0.0,0.0,0.0,0.0,0.0,9.0,0.0,0.0,0.0,0.0,0.0,0.0,0.0,0.0,0.0,0.0,0.0,10.0
2020-03-14,0.0,0.0,0.0,0.0,0.0,0.0,1.0,0.0,0.0,0.0,0.0,0.0,0.0,1.0,15.0,0.0,0.0,0.0,0.0,0.0,2.0,0.0,0.0,0.0,0.0,0.0,19.0
2020-03-15,0.0,1.0,0.0,0.0,0.0,0.0,2.0,0.0,0.0,0.0,0.0,0.0,1.0,2.0,22.0,0.0,0.0,0.0,0.0,0.0,0.0,0.0,0.0,0.0,0.0,0.0,28.0
2020-03-16,0.0,0.0,0.0,0.0,0.0,0.0,1.0,0.0,0.0,0.0,0.0,0.0,0.0,3.0,15.0,0.0,1.0,0.0,0.0,0.0,0.0,0.0,0.0,0.0,0.0,0.0,20.0
2020-03-17,0.0,0.0,0.0,0.0,0.0,0.0,1.0,0.0,0.0,0.0,0.0,0.0,1.0,0.0,16.0,0.0,9.0,0.0,0.0,0.0,0.0,0.0,0.0,0.0,0.0,0.0,27.0
2020-03-18,0.0,1.0,0.0,0.0,0.0,0.0,0.0,3.0,0.0,0.0,0.0,0.0,0.0,0.0,50.0,0.0,1.0,1.0,0.0,0.0,0.0,0.0,0.0,0.0,0.0,0.0,56.0
2020-03-19,0.0,2.0,0.0,1.0,0.0,0.0,0.0,0.0,0.0,0.0,0.0,2.0,0.0,0.0,53.0,3.0,1.0,0.0,0.0,0.0,0.0,0.0,0.0,0.0,0.0,0.0,62.0
2020-03-20,0.0,0.0,0.0,1.0,0.0,0.0,1.0,0.0,0.0,0.0,0.0,7.0,2.0,2.0,26.0,0.0,2.0,0.0,0.0,0.0,15.0,0.0,0.0,0.0,0.0,0.0,56.0
2020-03-21,0.0,0.0,0.0,0.0,0.0,0.0,0.0,0.0,0.0,0.0,0.0,0.0,0.0,0.0,27.0,0.0,2.0,0.0,0.0,0.0,1.0,0.0,0.0,0.0,0.0,0.0,30.0
2020-03-22,0.0,0.0,0.0,3.0,0.0,0.0,1.0,2.0,0.0,0.0,1.0,0.0,0.0,0.0,32.0,0.0,0.0,0.0,0.0,0.0,0.0,0.0,0.0,0.0,0.0,0.0,39.0
2020-03-23,0.0,0.0,0.0,2.0,0.0,0.0,1.0,0.0,0.0,0.0,0.0,0.0,1.0,0.0,26.0,0.0,0.0,0.0,0.0,0.0,0.0,0.0,0.0,0.0,3.0,0.0,33.0
2020-03-24,0.0,1.0,0.0,1.0,0.0,1.0,2.0,4.0,0.0,0.0,0.0,1.0,1.0,4.0,47.0,0.0,2.0,0.0,0.0,0.0,0.0,0.0,0.0,0.0,0.0,0.0,64.0
2020-03-25,0.0,1.0,0.0,5.0,0.0,0.0,5.0,0.0,0.0,0.0,1.0,0.0,3.0,0.0,83.0,1.0,0.0,0.0,0.0,0.0,1.0,0.0,0.0,0.0,0.0,0.0,100.0
2020-03-26,0.0,0.0,0.0,0.0,0.0,0.0,2.0,0.0,0.0,2.0,0.0,1.0,0.0,1.0,38.0,0.0,5.0,0.0,0.0,1.0,0.0,0.0,0.0,0.0,2.0,0.0,52.0
2020-03-27,0.0,0.0,0.0,0.0,0.0,0.0,1.0,1.0,0.0,0.0,1.0,0.0,1.0,2.0,22.0,0.0,4.0,0.0,0.0,0.0,0.0,0.0,1.0,0.0,1.0,0.0,34.0
2020-03-28,0.0,0.0,0.0,0.0,1.0,0.0,5.0,6.0,0.0,0.0,0.0,1.0,2.0,7.0,82.0,1.0,25.0,0.0,0.0,0.0,1.0,0.0,2.0,1.0,2.0,0.0,136.0
2020-03-29,0.0,5.0,0.0,6.0,0.0,0.0,10.0,8.0,0.0,0.0,1.0,0.0,2.0,1.0,107.0,0.0,1.0,0.0,0.0,0.0,0.0,0.0,1.0,0.0,1.0,0.0,143.0
2020-03-30,0.0,0.0,0.0,5.0,0.0,0.0,1.0,1.0,0.0,2.0,0.0,4.0,4.0,8.0,90.0,6.0,5.0,0.0,0.0,0.0,0.0,1.0,1.0,0.0,2.0,0.0,130.0
2020-03-31,0.0,2.0,0.0,4.0,0.0,0.0,12.0,8.0,1.0,0.0,3.0,0.0,11.0,4.0,190.0,2.0,4.0,0.0,0.0,0.0,5.0,0.0,0.0,1.0,3.0,0.0,250.0
2020-04-01,0.0,0.0,1.0,0.0,0.0,1.0,22.0,4.0,0.0,0.0,0.0,2.0,7.0,1.0,58.0,3.0,11.0,1.0,0.0,0.0,4.0,0.0,0.0,0.0,2.0,0.0,117.0
2020-04-02,0.0,2.0,0.0,7.0,0.0,1.0,6.0,7.0,0.0,0.0,0.0,0.0,7.0,5.0,168.0,2.0,9.0,0.0,0.0,0.0,1.0,0.0,0.0,0.0,6.0,1.0,222.0
2020-04-03,0.0,0.0,0.0,0.0,0.0,2.0,14.0,4.0,1.0,0.0,4.0,8.0,5.0,31.0,170.0,16.0,25.0,0.0,0.0,1.0,2.0,0.0,3.0,0.0,6.0,1.0,293.0
2020-04-04,0.0,9.0,0.0,14.0,2.0,0.0,174.0,11.0,0.0,0.0,5.0,0.0,1.0,49.0,482.0,19.0,41.0,0.0,1.0,1.0,5.0,0.0,1.0,6.0,10.0,6.0,837.0
2020-04-05,4.0,7.0,0.0,9.0,2.0,0.0,48.0,2.0,1.0,1.0,4.0,4.0,7.0,8.0,309.0,5.0,31.0,0.0,0.0,2.0,1.0,0.0,0.0,0.0,0.0,0.0,445.0
2020-04-06,1.0,13.0,0.0,7.0,0.0,0.0,66.0,1.0,5.0,3.0,7.0,0.0,4.0,28.0,476.0,9.0,10.0,0.0,1.0,0.0,8.0,1.0,0.0,0.0,5.0,5.0,650.0
2020-04-07,4.0,26.0,0.0,4.0,0.0,3.0,51.0,0.0,1.0,2.0,9.0,13.0,22.0,156.0,614.0,18.0,100.0,0.0,0.0,0.0,11.0,0.0,3.0,1.0,4.0,1.0,1043.0
2020-04-08,5.0,10.0,0.0,5.0,3.0,3.0,128.0,3.0,0.0,5.0,9.0,2.0,22.0,75.0,674.0,22.0,68.0,3.0,1.0,0.0,21.0,0.0,4.0,0.0,22.0,0.0,1085.0
2020-04-09,5.0,12.0,3.0,6.0,2.0,6.0,49.0,2.0,0.0,7.0,5.0,14.0,7.0,20.0,609.0,16.0,4.0,1.0,0.0,5.0,40.0,1.0,5.0,0.0,1.0,0.0,820.0
2020-04-10,0.0,16.0,0.0,2.0,2.0,0.0,88.0,3.0,0.0,3.0,15.0,2.0,5.0,59.0,765.0,26.0,7.0,0.0,4.0,1.0,36.0,0.0,0.0,0.0,3.0,3.0,1040.0
2020-04-11,0.0,25.0,2.0,12.0,0.0,1.0,303.0,43.0,2.0,7.0,20.0,8.0,9.0,67.0,746.0,24.0,13.0,16.0,3.0,2.0,49.0,1.0,15.0,0.0,39.0,1.0,1408.0
2020-04-12,8.0,7.0,0.0,15.0,0.0,1.0,38.0,0.0,2.0,4.0,3.0,4.0,3.0,56.0,516.0,8.0,25.0,14.0,0.0,0.0,32.0,0.0,0.0,0.0,6.0,3.0,745.0
2020-04-13,0.0,20.0,7.0,12.0,5.0,4.0,311.0,1.0,1.0,5.0,27.0,9.0,23.0,59.0,700.0,18.0,26.0,5.0,2.0,2.0,33.0,1.0,0.0,0.0,14.0,11.0,1296.0
2020-04-14,8.0,28.0,10.0,13.0,5.0,7.0,85.0,3.0,1.0,10.0,6.0,33.0,25.0,60.0,619.0,8.0,31.0,4.0,6.0,2.0,55.0,0.0,6.0,3.0,22.0,6.0,1056.0
2020-04-15,11.0,42.0,4.0,27.0,4.0,10.0,104.0,1.0,4.0,14.0,14.0,12.0,27.0,176.0,758.0,30.0,12.0,7.0,4.0,3.0,77.0,4.0,13.0,2.0,19.0,22.0,1401.0
2020-04-16,3.0,37.0,4.0,41.0,1.0,6.0,100.0,9.0,6.0,11.0,23.0,28.0,25.0,86.0,826.0,23.0,8.0,6.0,5.0,3.0,52.0,2.0,11.0,7.0,13.0,7.0,1343.0
2020-04-17,1.0,25.0,6.0,12.0,4.0,10.0,118.0,12.0,1.0,38.0,22.0,20.0,26.0,77.0,558.0,32.0,58.0,5.0,5.0,3.0,49.0,4.0,12.0,9.0,7.0,15.0,1129.0
2020-04-18,3.0,56.0,5.0,33.0,0.0,7.0,107.0,15.0,0.0,20.0,19.0,15.0,33.0,48.0,845.0,31.0,71.0,4.0,0.0,17.0,44.0,9.0,12.0,8.0,6.0,19.0,1427.0
2020-04-19,1.0,10.0,0.0,3.0,3.0,2.0,82.0,0.0,2.0,4.0,4.0,5.0,10.0,27.0,813.0,38.0,42.0,0.0,1.0,2.0,12.0,0.0,1.0,4.0,6.0,22.0,1094.0
2020-04-20,3.0,34.0,1.0,28.0,3.0,11.0,374.0,15.0,3.0,7.0,28.0,19.0,53.0,146.0,1093.0,51.0,42.0,5.0,9.0,13.0,54.0,10.0,7.0,7.0,17.0,26.0,2059.0
2020-04-21,7.0,45.0,8.0,28.0,1.0,9.0,436.0,7.0,1.0,10.0,22.0,28.0,45.0,133.0,1215.0,51.0,20.0,6.0,8.0,12.0,51.0,16.0,5.0,6.0,2.0,23.0,2195.0
2020-04-22,2.0,30.0,4.0,43.0,2.0,35.0,124.0,19.0,4.0,5.0,32.0,20.0,47.0,138.0,1381.0,70.0,18.0,13.0,4.0,9.0,72.0,8.0,5.0,8.0,7.0,24.0,2124.0
2020-04-23,2.0,46.0,5.0,56.0,2.0,8.0,159.0,14.0,3.0,9.0,34.0,22.0,40.0,177.0,1251.0,50.0,25.0,3.0,7.0,12.0,103.0,8.0,2.0,14.0,12.0,15.0,2079.0
2020-04-24,6.0,56.0,2.0,66.0,5.0,22.0,125.0,3.0,3.0,9.0,16.0,11.0,23.0,214.0,1278.0,58.0,79.0,3.0,16.0,10.0,152.0,17.0,13.0,8.0,20.0,51.0,2266.0
2020-04-25,9.0,56.0,19.0,24.0,7.0,17.0,170.0,11.0,14.0,49.0,30.0,15.0,54.0,136.0,1343.0,88.0,84.0,7.0,19.0,16.0,159.0,20.0,29.0,7.0,12.0,21.0,2416.0
2020-04-26,8.0,13.0,5.0,4.0,13.0,3.0,67.0,1.0,11.0,6.0,10.0,12.0,8.0,71.0,959.0,34.0,59.0,1.0,6.0,6.0,80.0,14.0,16.0,4.0,9.0,18.0,1438.0
2020-04-27,14.0,43.0,12.0,76.0,19.0,11.0,231.0,14.0,18.0,20.0,51.0,33.0,71.0,297.0,1894.0,103.0,74.0,10.0,3.0,15.0,237.0,28.0,23.0,5.0,16.0,109.0,3427.0
2020-04-28,9.0,98.0,10.0,76.0,13.0,14.0,202.0,23.0,14.0,15.0,92.0,43.0,178.0,241.0,1680.0,66.0,174.0,3.0,12.0,9.0,143.0,22.0,43.0,22.0,14.0,184.0,3400.0
2020-04-29,14.0,71.0,13.0,111.0,32.0,29.0,190.0,22.0,20.0,13.0,134.0,45.0,143.0,251.0,2450.0,74.0,230.0,8.0,23.0,14.0,153.0,20.0,21.0,23.0,52.0,87.0,4243.0
2020-04-30,37.0,108.0,35.0,69.0,21.0,48.0,256.0,34.0,17.0,21.0,53.0,66.0,137.0,217.0,1652.0,146.0,94.0,3.0,10.0,3.0,180.0,29.0,15.0,16.0,30.0,79.0,3376.0
2020-05-01,85.0,66.0,0.0,38.0,26.0,19.0,115.0,6.0,68.0,8.0,38.0,26.0,54.0,234.0,1299.0,107.0,156.0,3.0,12.0,7.0,142.0,10.0,18.0,6.0,19.0,76.0,2638.0
2020-05-02,50.0,119.0,5.0,31.0,20.0,29.0,214.0,13.0,61.0,3.0,53.0,55.0,116.0,146.0,1842.0,92.0,106.0,3.0,6.0,11.0,202.0,14.0,30.0,6.0,44.0,106.0,3377.0
2020-05-03,2.0,25.0,0.0,7.0,5.0,13.0,95.0,2.0,25.0,4.0,31.0,48.0,52.0,132.0,1158.0,65.0,25.0,0.0,0.0,5.0,86.0,11.0,20.0,7.0,11.0,94.0,1923.0
2020-05-04,26.0,108.0,6.0,60.0,27.0,15.0,200.0,8.0,12.0,16.0,70.0,49.0,126.0,332.0,2148.0,233.0,136.0,5.0,16.0,31.0,226.0,13.0,9.0,8.0,27.0,91.0,3998.0
2020-05-05,12.0,125.0,3.0,57.0,18.0,17.0,270.0,26.0,36.0,11.0,47.0,69.0,151.0,234.0,2316.0,109.0,65.0,5.0,14.0,11.0,248.0,20.0,20.0,10.0,34.0,59.0,3987.0
2020-05-06,11.0,74.0,1.0,56.0,23.0,11.0,253.0,50.0,3.0,11.0,65.0,57.0,112.0,193.0,2217.0,49.0,110.0,6.0,5.0,10.0,216.0,6.0,31.0,7.0,14.0,81.0,3672.0
2020-05-07,9.0,78.0,0.0,47.0,15.0,8.0,330.0,48.0,5.0,12.0,78.0,64.0,54.0,158.0,2266.0,102.0,76.0,3.0,4.0,7.0,156.0,3.0,62.0,3.0,14.0,12.0,3614.0
2020-05-08,20.0,53.0,0.0,39.0,25.0,12.0,224.0,49.0,13.0,5.0,102.0,42.0,73.0,154.0,1943.0,73.0,126.0,5.0,25.0,3.0,145.0,1.0,50.0,6.0,12.0,101.0,3301.0
2020-05-09,4.0,70.0,1.0,59.0,11.0,6.0,186.0,11.0,5.0,13.0,39.0,35.0,84.0,68.0,1366.0,43.0,105.0,14.0,2.0,8.0,91.0,8.0,28.0,9.0,22.0,190.0,2478.0
2020-05-10,0.0,11.0,0.0,25.0,2.0,2.0,42.0,2.0,1.0,2.0,12.0,18.0,40.0,27.0,586.0,13.0,51.0,0.0,0.0,2.0,38.0,1.0,14.0,0.0,2.0,47.0,938.0
2020-05-11,12.0,121.0,3.0,51.0,15.0,13.0,212.0,56.0,1.0,16.0,43.0,44.0,58.0,127.0,2225.0,124.0,195.0,18.0,5.0,3.0,165.0,4.0,11.0,4.0,31.0,47.0,3604.0
2020-05-12,11.0,101.0,5.0,104.0,19.0,22.0,316.0,33.0,1.0,13.0,98.0,39.0,106.0,130.0,2837.0,95.0,125.0,12.0,2.0,12.0,135.0,6.0,12.0,4.0,29.0,84.0,4351.0
2020-05-13,8.0,152.0,2.0,112.0,20.0,3.0,355.0,47.0,5.0,62.0,77.0,74.0,73.0,165.0,2620.0,178.0,157.0,17.0,12.0,10.0,115.0,3.0,29.0,7.0,36.0,110.0,4449.0
2020-05-14,3.0,179.0,2.0,121.0,13.0,12.0,325.0,31.0,12.0,26.0,90.0,29.0,85.0,182.0,2063.0,79.0,133.0,10.0,9.0,16.0,135.0,2.0,38.0,10.0,23.0,111.0,3739.0
2020-05-15,23.0,167.0,3.0,96.0,50.0,20.0,310.0,6.0,6.0,23.0,104.0,51.0,214.0,263.0,2221.0,210.0,241.0,5.0,1.0,10.0,102.0,9.0,22.0,15.0,38.0,104.0,4314.0
2020-05-16,32.0,103.0,0.0,85.0,40.0,14.0,215.0,10.0,5.0,8.0,122.0,43.0,147.0,134.0,2283.0,110.0,157.0,20.0,13.0,20.0,58.0,3.0,54.0,11.0,39.0,407.0,4133.0
2020-05-17,1.0,49.0,2.0,8.0,9.0,2.0,108.0,0.0,9.0,5.0,34.0,8.0,6.0,27.0,1241.0,50.0,78.0,0.0,1.0,8.0,50.0,0.0,19.0,0.0,15.0,57.0,1787.0
2020-05-18,20.0,97.0,4.0,86.0,15.0,20.0,238.0,7.0,6.0,17.0,184.0,102.0,120.0,225.0,2886.0,198.0,167.0,17.0,11.0,10.0,204.0,7.0,93.0,22.0,24.0,354.0,5134.0
2020-05-19,30.0,281.0,3.0,122.0,17.0,28.0,382.0,40.0,16.0,20.0,95.0,41.0,134.0,218.0,2648.0,158.0,262.0,10.0,45.0,22.0,340.0,7.0,89.0,14.0,43.0,142.0,5207.0
2020-05-20,12.0,125.0,0.0,156.0,17.0,28.0,349.0,31.0,10.0,17.0,107.0,47.0,143.0,134.0,2748.0,199.0,197.0,6.0,64.0,26.0,470.0,9.0,44.0,13.0,31.0,317.0,5300.0
2020-05-21,54.0,134.0,5.0,144.0,22.0,19.0,382.0,41.0,17.0,10.0,179.0,39.0,269.0,166.0,2864.0,99.0,204.0,10.0,49.0,33.0,434.0,40.0,52.0,44.0,48.0,170.0,5528.0
2020-05-22,25.0,181.0,14.0,197.0,41.0,29.0,428.0,44.0,24.0,38.0,108.0,54.0,235.0,158.0,3223.0,197.0,158.0,42.0,60.0,52.0,483.0,25.0,27.0,35.0,46.0,193.0,6117.0
2020-05-23,8.0,141.0,9.0,146.0,36.0,50.0,346.0,32.0,6.0,23.0,92.0,38.0,187.0,201.0,2794.0,258.0,152.0,32.0,36.0,45.0,543.0,10.0,20.0,52.0,34.0,125.0,5416.0
2020-05-24,5.0,52.0,0.0,35.0,6.0,7.0,72.0,6.0,7.0,7.0,20.0,21.0,68.0,96.0,923.0,59.0,96.0,1.0,18.0,25.0,199.0,2.0,15.0,2.0,16.0,36.0,1794.0
2020-05-25,50.0,179.0,22.0,192.0,27.0,33.0,412.0,51.0,12.0,30.0,248.0,51.0,269.0,321.0,3840.0,303.0,143.0,39.0,32.0,20.0,485.0,35.0,28.0,43.0,47.0,77.0,6989.0
2020-05-26,22.0,187.0,2.0,128.0,24.0,31.0,496.0,30.0,9.0,21.0,170.0,53.0,182.0,460.0,3814.0,286.0,273.0,21.0,27.0,30.0,420.0,3.0,63.0,14.0,45.0,197.0,7008.0
2020-05-27,19.0,227.0,8.0,186.0,53.0,20.0,509.0,37.0,14.0,33.0,210.0,90.0,182.0,508.0,4020.0,257.0,152.0,27.0,39.0,26.0,458.0,22.0,65.0,11.0,32.0,176.0,7381.0
2020-05-28,25.0,242.0,9.0,186.0,30.0,32.0,511.0,47.0,10.0,28.0,132.0,70.0,309.0,316.0,3378.0,202.0,85.0,54.0,17.0,22.0,375.0,16.0,67.0,34.0,57.0,210.0,6464.0
2020-05-29,13.0,175.0,9.0,173.0,17.0,20.0,358.0,57.0,11.0,33.0,297.0,77.0,163.0,242.0,3000.0,239.0,185.0,53.0,16.0,4.0,295.0,42.0,52.0,11.0,49.0,172.0,5763.0
2020-05-30,14.0,146.0,9.0,96.0,51.0,18.0,250.0,19.0,11.0,13.0,108.0,48.0,175.0,326.0,2438.0,194.0,110.0,23.0,11.0,12.0,217.0,17.0,64.0,22.0,34.0,207.0,4633.0
2020-05-31,12.0,34.0,3.0,20.0,4.0,5.0,142.0,1.0,3.0,14.0,28.0,15.0,100.0,60.0,1300.0,102.0,291.0,2.0,1.0,3.0,25.0,1.0,39.0,3.0,10.0,50.0,2268.0
2020-06-01,14.0,138.0,6.0,63.0,33.0,30.0,189.0,25.0,12.0,19.0,178.0,47.0,226.0,154.0,1937.0,164.0,175.0,42.0,8.0,33.0,508.0,7.0,97.0,14.0,54.0,114.0,4287.0
2020-06-02,14.0,139.0,13.0,99.0,27.0,23.0,187.0,23.0,5.0,32.0,195.0,67.0,101.0,172.0,1811.0,125.0,167.0,37.0,10.0,10.0,353.0,15.0,106.0,15.0,42.0,39.0,3827.0
2020-06-03,37.0,119.0,11.0,55.0,18.0,34.0,157.0,14.0,29.0,39.0,131.0,47.0,97.0,136.0,852.0,223.0,90.0,40.0,14.0,33.0,279.0,19.0,67.0,14.0,50.0,58.0,2663.0
2020-06-04,37.0,113.0,18.0,51.0,40.0,21.0,215.0,30.0,15.0,85.0,101.0,31.0,178.0,183.0,1768.0,147.0,199.0,106.0,22.0,29.0,500.0,27.0,79.0,15.0,47.0,61.0,4118.0
2020-06-05,50.0,84.0,12.0,119.0,18.0,56.0,244.0,18.0,7.0,46.0,107.0,28.0,126.0,89.0,2617.0,241.0,333.0,26.0,5.0,13.0,472.0,7.0,71.0,22.0,83.0,153.0,5047.0
2020-06-06,38.0,112.0,13.0,138.0,29.0,45.0,269.0,40.0,11.0,15.0,150.0,50.0,157.0,156.0,2355.0,231.0,190.0,23.0,2.0,8.0,448.0,7.0,68.0,16.0,63.0,172.0,4806.0
2020-06-07,12.0,103.0,5.0,34.0,10.0,14.0,98.0,21.0,13.0,14.0,78.0,42.0,46.0,115.0,1627.0,170.0,30.0,8.0,2.0,11.0,76.0,2.0,55.0,3.0,10.0,51.0,2650.0
2020-06-08,58.0,169.0,10.0,107.0,41.0,44.0,279.0,17.0,13.0,44.0,159.0,86.0,192.0,180.0,2148.0,185.0,177.0,56.0,7.0,21.0,346.0,18.0,158.0,13.0,60.0,198.0,4786.0
2020-06-09,75.0,128.0,14.0,126.0,32.0,46.0,213.0,37.0,16.0,45.0,153.0,58.0,260.0,200.0,2589.0,270.0,131.0,40.0,4.0,27.0,472.0,23.0,109.0,16.0,71.0,209.0,5364.0
2020-06-10,61.0,134.0,5.0,145.0,21.0,49.0,418.0,35.0,17.0,37.0,190.0,98.0,327.0,256.0,2574.0,285.0,223.0,63.0,5.0,28.0,426.0,31.0,147.0,8.0,70.0,117.0,5770.0
2020-06-11,75.0,220.0,47.0,157.0,70.0,99.0,435.0,97.0,23.0,145.0,206.0,178.0,301.0,310.0,2808.0,437.0,307.0,50.0,29.0,42.0,588.0,81.0,258.0,61.0,118.0,210.0,7352.0
2020-06-12,72.0,206.0,26.0,134.0,49.0,85.0,337.0,55.0,24.0,74.0,219.0,89.0,249.0,306.0,1972.0,389.0,226.0,38.0,30.0,17.0,468.0,25.0,221.0,16.0,72.0,151.0,5550.0
2020-06-13,67.0,146.0,3.0,174.0,60.0,55.0,199.0,19.0,12.0,51.0,153.0,69.0,205.0,204.0,1942.0,251.0,169.0,38.0,13.0,35.0,223.0,15.0,123.0,9.0,54.0,239.0,4528.0
2020-06-14,16.0,90.0,1.0,19.0,9.0,23.0,151.0,9.0,6.0,27.0,28.0,55.0,72.0,39.0,1501.0,178.0,17.0,7.0,3.0,13.0,117.0,9.0,17.0,2.0,18.0,30.0,2457.0
2020-06-15,199.0,114.0,4.0,97.0,60.0,45.0,131.0,15.0,14.0,67.0,124.0,62.0,223.0,179.0,2096.0,231.0,99.0,65.0,14.0,24.0,359.0,11.0,55.0,27.0,86.0,44.0,4445.0
2020-06-16,69.0,121.0,1.0,90.0,28.0,20.0,100.0,13.0,3.0,50.0,90.0,57.0,128.0,127.0,1645.0,261.0,64.0,106.0,4.0,6.0,189.0,8.0,152.0,13.0,69.0,45.0,3459.0
2020-06-17,62.0,100.0,8.0,168.0,41.0,58.0,230.0,23.0,4.0,43.0,174.0,100.0,250.0,201.0,1611.0,259.0,115.0,44.0,2.0,4.0,243.0,11.0,86.0,22.0,98.0,53.0,4010.0
2020-06-18,35.0,129.0,6.0,72.0,43.0,61.0,249.0,13.0,3.0,86.0,79.0,86.0,144.0,164.0,1516.0,158.0,149.0,24.0,5.0,14.0,227.0,8.0,139.0,9.0,45.0,49.0,3513.0
2020-06-19,102.0,105.0,4.0,118.0,77.0,48.0,185.0,21.0,7.0,61.0,106.0,39.0,218.0,179.0,1288.0,189.0,153.0,64.0,7.0,18.0,278.0,15.0,136.0,23.0,44.0,132.0,3617.0
2020-06-20,47.0,104.0,26.0,75.0,23.0,55.0,144.0,35.0,11.0,40.0,126.0,85.0,193.0,107.0,1547.0,268.0,117.0,43.0,11.0,10.0,206.0,11.0,170.0,23.0,68.0,65.0,3610.0
2020-06-21,13.0,59.0,25.0,118.0,12.0,15.0,86.0,1.0,4.0,25.0,45.0,28.0,70.0,50.0,578.0,92.0,16.0,5.0,4.0,2.0,41.0,12.0,17.0,1.0,22.0,131.0,1472.0
2020-06-22,47.0,117.0,6.0,115.0,35.0,77.0,131.0,16.0,6.0,34.0,204.0,93.0,245.0,174.0,1785.0,457.0,263.0,42.0,4.0,7.0,246.0,23.0,177.0,11.0,48.0,73.0,4436.0
2020-06-23,46.0,119.0,11.0,189.0,48.0,74.0,93.0,29.0,13.0,46.0,170.0,79.0,247.0,116.0,1661.0,186.0,133.0,56.0,11.0,13.0,206.0,19.0,169.0,13.0,56.0,53.0,3856.0
2020-06-24,174.0,127.0,5.0,231.0,53.0,93.0,97.0,14.0,19.0,75.0,147.0,62.0,203.0,257.0,1791.0,260.0,40.0,44.0,22.0,11.0,180.0,15.0,182.0,18.0,95.0,22.0,4237.0
2020-06-25,59.0,102.0,8.0,155.0,31.0,78.0,191.0,18.0,11.0,62.0,142.0,102.0,180.0,142.0,1955.0,228.0,81.0,77.0,12.0,13.0,212.0,4.0,241.0,28.0,78.0,98.0,4308.0
2020-06-26,52.0,113.0,18.0,166.0,30.0,86.0,215.0,41.0,4.0,59.0,211.0,90.0,227.0,256.0,1779.0,173.0,90.0,80.0,15.0,20.0,251.0,23.0,299.0,32.0,72.0,110.0,4512.0
2020-06-27,55.0,78.0,11.0,274.0,27.0,63.0,128.0,31.0,21.0,102.0,157.0,82.0,220.0,146.0,1299.0,168.0,49.0,106.0,12.0,15.0,159.0,17.0,208.0,18.0,104.0,102.0,3652.0
2020-06-28,28.0,39.0,0.0,58.0,11.0,30.0,33.0,7.0,8.0,81.0,96.0,85.0,83.0,31.0,765.0,52.0,32.0,15.0,6.0,8.0,37.0,3.0,61.0,5.0,30.0,23.0,1627.0
2020-06-29,29.0,129.0,4.0,58.0,33.0,58.0,74.0,29.0,14.0,79.0,133.0,120.0,114.0,57.0,1062.0,148.0,56.0,54.0,6.0,15.0,137.0,24.0,212.0,19.0,90.0,42.0,2796.0
2020-06-30,113.0,132.0,8.0,140.0,43.0,93.0,156.0,27.0,7.0,95.0,102.0,71.0,267.0,135.0,1378.0,151.0,62.0,86.0,53.0,13.0,253.0,20.0,260.0,42.0,148.0,107.0,3962.0
2020-07-01,91.0,146.0,6.0,194.0,32.0,66.0,64.0,18.0,11.0,83.0,182.0,75.0,194.0,133.0,1369.0,202.0,127.0,92.0,35.0,13.0,245.0,20.0,190.0,22.0,73.0,145.0,3828.0
2020-07-02,99.0,125.0,9.0,127.0,51.0,159.0,80.0,36.0,11.0,79.0,174.0,88.0,220.0,117.0,1190.0,186.0,93.0,74.0,21.0,22.0,186.0,20.0,208.0,33.0,124.0,48.0,3580.0
2020-07-03,241.0,136.0,9.0,134.0,26.0,95.0,102.0,27.0,15.0,212.0,186.0,122.0,237.0,153.0,1440.0,210.0,67.0,72.0,38.0,6.0,151.0,20.0,161.0,27.0,57.0,139.0,4083.0
2020-07-04,84.0,129.0,5.0,218.0,50.0,113.0,70.0,45.0,18.0,244.0,176.0,78.0,205.0,88.0,1333.0,117.0,76.0,61.0,52.0,19.0,150.0,20.0,156.0,21.0,42.0,57.0,3627.0
2020-07-05,23.0,47.0,3.0,68.0,14.0,100.0,46.0,26.0,24.0,43.0,134.0,162.0,47.0,38.0,1145.0,99.0,54.0,12.0,10.0,11.0,53.0,15.0,100.0,3.0,31.0,48.0,2356.0
2020-07-06,146.0,171.0,6.0,81.0,52.0,151.0,105.0,40.0,24.0,115.0,193.0,193.0,198.0,154.0,1449.0,188.0,123.0,62.0,39.0,24.0,102.0,23.0,92.0,45.0,47.0,101.0,3924.0
2020-07-07,135.0,199.0,11.0,179.0,45.0,176.0,181.0,38.0,14.0,157.0,171.0,107.0,198.0,107.0,1635.0,230.0,124.0,56.0,40.0,22.0,162.0,20.0,67.0,47.0,40.0,103.0,4264.0
2020-07-08,121.0,89.0,2.0,175.0,58.0,145.0,104.0,28.0,11.0,49.0,103.0,58.0,123.0,165.0,960.0,140.0,69.0,9.0,33.0,28.0,113.0,6.0,76.0,42.0,30.0,57.0,2794.0
2020-07-09,69.0,50.0,4.0,138.0,34.0,67.0,125.0,25.0,9.0,122.0,116.0,35.0,133.0,53.0,1144.0,81.0,74.0,14.0,24.0,10.0,69.0,3.0,89.0,76.0,43.0,48.0,2655.0
2020-07-10,80.0,151.0,14.0,335.0,72.0,184.0,119.0,94.0,20.0,122.0,203.0,154.0,308.0,162.0,1737.0,236.0,154.0,53.0,79.0,73.0,270.0,21.0,180.0,65.0,83.0,165.0,5134.0
2020-07-11,92.0,190.0,28.0,324.0,51.0,172.0,89.0,88.0,16.0,239.0,170.0,204.0,215.0,114.0,1286.0,268.0,101.0,41.0,58.0,34.0,252.0,12.0,93.0,70.0,78.0,113.0,4398.0
2020-07-12,90.0,103.0,1.0,59.0,23.0,103.0,72.0,13.0,24.0,185.0,56.0,115.0,77.0,41.0,1092.0,92.0,53.0,13.0,26.0,20.0,55.0,15.0,51.0,17.0,19.0,36.0,2451.0
2020-07-13,86.0,55.0,1.0,123.0,42.0,114.0,62.0,83.0,15.0,98.0,98.0,49.0,117.0,67.0,1782.0,134.0,75.0,18.0,22.0,28.0,73.0,7.0,57.0,56.0,19.0,24.0,3305.0
2020-07-14,119.0,148.0,6.0,207.0,81.0,148.0,75.0,67.0,19.0,208.0,192.0,161.0,129.0,130.0,1684.0,388.0,93.0,84.0,91.0,16.0,93.0,9.0,104.0,80.0,15.0,71.0,4418.0
2020-07-15,85.0,95.0,11.0,258.0,76.0,163.0,160.0,70.0,11.0,114.0,203.0,80.0,272.0,89.0,2043.0,227.0,128.0,2.0,49.0,16.0,142.0,19.0,92.0,62.0,83.0,92.0,4642.0
2020-07-16,116.0,130.0,12.0,214.0,90.0,104.0,179.0,54.0,18.0,145.0,212.0,165.0,165.0,102.0,2115.0,273.0,120.0,19.0,86.0,14.0,91.0,74.0,102.0,51.0,15.0,68.0,4734.0
2020-07-17,332.0,98.0,14.0,200.0,115.0,108.0,206.0,86.0,49.0,214.0,337.0,177.0,183.0,114.0,2049.0,258.0,150.0,49.0,124.0,20.0,178.0,13.0,87.0,93.0,89.0,54.0,5397.0
2020-07-18,157.0,154.0,20.0,325.0,106.0,205.0,145.0,120.0,27.0,225.0,260.0,175.0,251.0,150.0,1820.0,253.0,131.0,44.0,76.0,35.0,232.0,40.0,170.0,50.0,33.0,112.0,5316.0
2020-07-19,49.0,67.0,2.0,70.0,25.0,75.0,24.0,25.0,17.0,90.0,59.0,58.0,46.0,23.0,1200.0,41.0,76.0,10.0,57.0,12.0,171.0,73.0,36.0,38.0,17.0,57.0,2418.0
2020-07-20,148.0,130.0,11.0,168.0,108.0,114.0,66.0,87.0,42.0,65.0,119.0,125.0,116.0,63.0,1638.0,384.0,267.0,75.0,52.0,18.0,195.0,44.0,128.0,32.0,19.0,35.0,4249.0
2020-07-21,117.0,95.0,18.0,405.0,84.0,148.0,112.0,139.0,7.0,129.0,342.0,122.0,212.0,117.0,2036.0,269.0,179.0,58.0,120.0,28.0,189.0,38.0,158.0,88.0,20.0,44.0,5274.0
2020-07-22,168.0,145.0,14.0,527.0,123.0,188.0,182.0,216.0,59.0,144.0,336.0,199.0,228.0,152.0,2343.0,289.0,101.0,67.0,129.0,31.0,166.0,74.0,192.0,108.0,75.0,42.0,6298.0
2020-07-23,216.0,240.0,14.0,355.0,79.0,147.0,196.0,61.0,63.0,133.0,434.0,159.0,268.0,137.0,2026.0,270.0,204.0,87.0,87.0,32.0,176.0,91.0,225.0,65.0,36.0,49.0,5850.0
2020-07-24,324.0,167.0,20.0,403.0,112.0,194.0,168.0,175.0,33.0,252.0,228.0,156.0,241.0,164.0,2252.0,285.0,179.0,99.0,89.0,34.0,141.0,118.0,218.0,66.0,41.0,76.0,6235.0
2020-07-25,215.0,201.0,16.0,464.0,134.0,240.0,160.0,188.0,41.0,136.0,253.0,136.0,216.0,143.0,1927.0,180.0,125.0,75.0,130.0,54.0,262.0,114.0,230.0,95.0,47.0,76.0,5858.0
2020-07-26,49.0,51.0,11.0,102.0,26.0,80.0,71.0,172.0,31.0,57.0,84.0,139.0,53.0,38.0,1627.0,64.0,88.0,17.0,25.0,31.0,46.0,60.0,51.0,32.0,20.0,41.0,3066.0
2020-07-27,194.0,256.0,20.0,502.0,125.0,250.0,192.0,154.0,41.0,247.0,257.0,241.0,312.0,269.0,2572.0,262.0,227.0,106.0,144.0,58.0,223.0,144.0,238.0,137.0,69.0,122.0,7362.0
2020-07-28,63.0,83.0,14.0,150.0,127.0,158.0,56.0,86.0,40.0,172.0,117.0,129.0,78.0,57.0,1187.0,85.0,70.0,75.0,58.0,23.0,68.0,59.0,87.0,52.0,19.0,41.0,3154.0
2020-07-29,146.0,198.0,25.0,363.0,124.0,423.0,162.0,256.0,103.0,279.0,168.0,183.0,292.0,188.0,2626.0,138.0,169.0,67.0,93.0,58.0,158.0,191.0,171.0,100.0,60.0,148.0,6889.0
2020-07-30,142.0,205.0,40.0,548.0,131.0,481.0,184.0,199.0,57.0,270.0,225.0,173.0,290.0,194.0,2823.0,253.0,186.0,120.0,203.0,96.0,184.0,117.0,174.0,154.0,45.0,103.0,7597.0
2020-07-31,174.0,244.0,49.0,644.0,132.0,693.0,257.0,340.0,71.0,214.0,329.0,245.0,329.0,167.0,2716.0,220.0,132.0,153.0,130.0,59.0,157.0,110.0,205.0,114.0,50.0,121.0,8055.0
2020-08-01,262.0,199.0,23.0,667.0,124.0,296.0,177.0,162.0,80.0,262.0,286.0,186.0,235.0,147.0,2832.0,142.0,177.0,51.0,99.0,36.0,137.0,85.0,153.0,159.0,41.0,108.0,7126.0
2020-08-02,54.0,90.0,11.0,96.0,36.0,83.0,78.0,80.0,26.0,179.0,57.0,110.0,70.0,68.0,1699.0,96.0,59.0,21.0,49.0,97.0,61.0,78.0,54.0,56.0,45.0,28.0,3381.0
2020-08-03,155.0,243.0,60.0,702.0,139.0,299.0,273.0,238.0,63.0,205.0,336.0,273.0,257.0,184.0,3044.0,303.0,218.0,89.0,180.0,81.0,210.0,159.0,200.0,140.0,86.0,96.0,8233.0
2020-08-04,197.0,262.0,43.0,612.0,120.0,253.0,211.0,258.0,82.0,200.0,297.0,223.0,280.0,212.0,3027.0,264.0,151.0,93.0,243.0,119.0,169.0,212.0,229.0,186.0,63.0,136.0,8142.0
2020-08-05,165.0,250.0,73.0,842.0,149.0,291.0,220.0,242.0,78.0,213.0,305.0,239.0,255.0,127.0,2709.0,324.0,110.0,99.0,255.0,68.0,175.0,151.0,183.0,196.0,53.0,123.0,7895.0
2020-08-06,230.0,203.0,66.0,840.0,180.0,345.0,230.0,313.0,98.0,190.0,412.0,302.0,281.0,218.0,2945.0,215.0,159.0,205.0,361.0,125.0,223.0,267.0,273.0,201.0,61.0,129.0,9072.0
2020-08-07,166.0,180.0,51.0,680.0,186.0,306.0,199.0,345.0,140.0,225.0,318.0,251.0,311.0,213.0,2516.0,217.0,155.0,62.0,311.0,69.0,255.0,218.0,179.0,218.0,78.0,99.0,7948.0
2020-08-08,143.0,241.0,56.0,615.0,125.0,417.0,202.0,195.0,118.0,170.0,269.0,158.0,255.0,168.0,2655.0,200.0,117.0,42.0,88.0,66.0,174.0,143.0,167.0,172.0,48.0,166.0,7170.0
2020-08-09,26.0,89.0,21.0,117.0,61.0,172.0,69.0,224.0,30.0,156.0,106.0,87.0,77.0,36.0,1753.0,131.0,32.0,32.0,63.0,60.0,63.0,95.0,47.0,96.0,27.0,27.0,3697.0
2020-08-10,230.0,240.0,92.0,671.0,161.0,379.0,218.0,323.0,88.0,232.0,490.0,322.0,305.0,192.0,2760.0,210.0,195.0,92.0,208.0,84.0,307.0,205.0,217.0,127.0,52.0,184.0,8584.0
2020-08-11,183.0,228.0,90.0,694.0,198.0,297.0,332.0,401.0,140.0,240.0,305.0,228.0,282.0,183.0,3379.0,195.0,171.0,83.0,521.0,87.0,275.0,237.0,213.0,177.0,83.0,147.0,9369.0
2020-08-12,181.0,192.0,83.0,787.0,193.0,350.0,419.0,374.0,162.0,199.0,280.0,269.0,283.0,190.0,3633.0,370.0,205.0,143.0,213.0,56.0,247.0,217.0,211.0,258.0,58.0,173.0,9746.0
2020-08-13,273.0,209.0,62.0,858.0,200.0,366.0,276.0,408.0,173.0,254.0,314.0,306.0,279.0,206.0,3260.0,273.0,210.0,148.0,286.0,56.0,291.0,228.0,164.0,251.0,55.0,215.0,9621.0
2020-08-14,261.0,285.0,100.0,727.0,183.0,532.0,232.0,397.0,127.0,352.0,292.0,466.0,303.0,174.0,3677.0,264.0,277.0,110.0,253.0,74.0,278.0,470.0,157.0,278.0,49.0,145.0,10463.0
2020-08-15,96.0,267.0,47.0,499.0,128.0,249.0,254.0,307.0,157.0,569.0,178.0,408.0,212.0,160.0,3528.0,199.0,178.0,49.0,276.0,41.0,287.0,860.0,128.0,211.0,57.0,98.0,9443.0
2020-08-16,41.0,54.0,11.0,117.0,67.0,92.0,71.0,65.0,69.0,141.0,115.0,77.0,63.0,44.0,2066.0,93.0,81.0,7.0,56.0,41.0,65.0,274.0,50.0,57.0,10.0,42.0,3869.0
2020-08-17,199.0,272.0,107.0,708.0,189.0,384.0,205.0,340.0,155.0,202.0,337.0,386.0,251.0,171.0,3614.0,273.0,213.0,76.0,299.0,60.0,341.0,286.0,224.0,223.0,24.0,164.0,9703.0
2020-08-18,153.0,204.0,67.0,637.0,202.0,394.0,234.0,470.0,153.0,237.0,291.0,319.0,289.0,152.0,3489.0,227.0,220.0,116.0,179.0,52.0,355.0,264.0,185.0,174.0,54.0,239.0,9356.0
2020-08-19,230.0,246.0,58.0,886.0,195.0,357.0,244.0,448.0,208.0,229.0,350.0,256.0,315.0,214.0,3412.0,246.0,199.0,112.0,331.0,59.0,265.0,213.0,180.0,225.0,96.0,207.0,9781.0
2020-08-20,261.0,228.0,81.0,1389.0,248.0,298.0,279.0,775.0,133.0,250.0,384.0,244.0,355.0,307.0,2899.0,178.0,289.0,109.0,213.0,82.0,348.0,262.0,194.0,402.0,47.0,217.0,10472.0
2020-08-21,214.0,240.0,84.0,758.0,175.0,423.0,220.0,644.0,108.0,243.0,409.0,202.0,263.0,191.0,3070.0,169.0,193.0,66.0,195.0,59.0,305.0,197.0,134.0,266.0,53.0,64.0,8945.0
2020-08-22,169.0,174.0,87.0,901.0,199.0,334.0,154.0,532.0,71.0,172.0,323.0,189.0,223.0,127.0,2662.0,103.0,119.0,74.0,87.0,23.0,263.0,151.0,127.0,259.0,32.0,119.0,7674.0
2020-08-23,41.0,55.0,9.0,57.0,21.0,45.0,23.0,64.0,10.0,34.0,15.0,74.0,58.0,40.0,1160.0,42.0,48.0,11.0,75.0,4.0,14.0,26.0,42.0,11.0,1.0,37.0,2017.0
2020-08-24,174.0,228.0,93.0,402.0,140.0,370.0,322.0,743.0,79.0,258.0,338.0,206.0,250.0,164.0,2646.0,234.0,223.0,81.0,198.0,49.0,465.0,264.0,211.0,293.0,73.0,152.0,8656.0
2020-08-25,317.0,290.0,128.0,895.0,220.0,490.0,246.0,566.0,147.0,331.0,566.0,378.0,393.0,258.0,2925.0,272.0,208.0,193.0,236.0,100.0,615.0,374.0,325.0,348.0,77.0,248.0,11146.0
2020-08-26,193.0,329.0,108.0,563.0,152.0,228.0,231.0,348.0,99.0,187.0,274.0,315.0,212.0,163.0,2872.0,442.0,161.0,129.0,196.0,49.0,357.0,315.0,168.0,197.0,45.0,226.0,8559.0
2020-08-27,208.0,159.0,67.0,606.0,188.0,187.0,184.0,348.0,39.0,137.0,372.0,206.0,290.0,182.0,2670.0,513.0,137.0,103.0,127.0,81.0,376.0,221.0,148.0,309.0,32.0,129.0,8019.0
2020-08-28,106.0,325.0,98.0,481.0,145.0,240.0,227.0,654.0,71.0,197.0,332.0,266.0,289.0,264.0,3347.0,580.0,108.0,121.0,219.0,66.0,387.0,198.0,230.0,24.0,30.0,144.0,9149.0
2020-08-29,111.0,158.0,60.0,440.0,104.0,166.0,129.0,278.0,65.0,165.0,358.0,245.0,216.0,174.0,2084.0,538.0,88.0,86.0,67.0,72.0,286.0,162.0,94.0,164.0,45.0,129.0,6484.0
2020-08-30,18.0,59.0,17.0,109.0,34.0,64.0,71.0,40.0,69.0,40.0,62.0,70.0,72.0,41.0,1181.0,78.0,71.0,7.0,15.0,14.0,50.0,42.0,38.0,26.0,10.0,51.0,2349.0
2020-08-31,102.0,192.0,104.0,503.0,115.0,151.0,167.0,266.0,60.0,202.0,228.0,200.0,196.0,134.0,2401.0,139.0,142.0,93.0,173.0,56.0,275.0,148.0,117.0,184.0,36.0,84.0,6468.0
2020-09-01,105.0,185.0,60.0,400.0,166.0,260.0,190.0,232.0,69.0,135.0,220.0,160.0,186.0,190.0,2279.0,175.0,176.0,70.0,92.0,41.0,417.0,147.0,145.0,107.0,64.0,115.0,6386.0
2020-09-02,84.0,147.0,65.0,369.0,114.0,164.0,186.0,272.0,87.0,179.0,255.0,204.0,224.0,113.0,2308.0,147.0,143.0,103.0,155.0,66.0,389.0,215.0,180.0,179.0,36.0,94.0,6478.0
2020-09-03,52.0,62.0,33.0,177.0,83.0,102.0,139.0,99.0,17.0,48.0,141.0,77.0,226.0,43.0,1845.0,47.0,53.0,21.0,43.0,12.0,144.0,64.0,120.0,53.0,19.0,53.0,3773.0
2020-09-04,256.0,233.0,223.0,583.0,270.0,473.0,237.0,377.0,200.0,219.0,585.0,332.0,444.0,239.0,3061.0,212.0,163.0,82.0,212.0,109.0,488.0,409.0,210.0,295.0,42.0,122.0,10076.0
2020-09-05,36.0,132.0,31.0,226.0,61.0,94.0,108.0,119.0,9.0,33.0,160.0,84.0,382.0,111.0,1738.0,74.0,63.0,24.0,28.0,32.0,116.0,81.0,99.0,103.0,26.0,77.0,4047.0
2020-09-06,32.0,65.0,25.0,60.0,23.0,36.0,46.0,159.0,10.0,49.0,56.0,86.0,34.0,20.0,920.0,14.0,23.0,20.0,11.0,7.0,35.0,44.0,31.0,10.0,18.0,44.0,1878.0
2020-09-07,129.0,126.0,120.0,356.0,172.0,152.0,161.0,273.0,97.0,122.0,311.0,161.0,223.0,131.0,2223.0,142.0,130.0,48.0,92.0,59.0,343.0,166.0,124.0,282.0,71.0,131.0,6345.0
2020-09-08,178.0,116.0,127.0,789.0,145.0,179.0,248.0,301.0,106.0,97.0,269.0,225.0,381.0,118.0,2073.0,116.0,121.0,71.0,153.0,48.0,263.0,156.0,202.0,188.0,61.0,113.0,6844.0
2020-09-09,125.0,187.0,154.0,293.0,159.0,158.0,219.0,259.0,122.0,150.0,266.0,133.0,307.0,158.0,2430.0,200.0,96.0,51.0,119.0,48.0,309.0,129.0,154.0,132.0,46.0,124.0,6528.0
2020-09-10,108.0,125.0,25.0,129.0,69.0,103.0,272.0,106.0,15.0,46.0,81.0,108.0,232.0,116.0,1412.0,79.0,115.0,96.0,155.0,18.0,86.0,53.0,234.0,95.0,16.0,82.0,3976.0
2020-09-11,236.0,223.0,116.0,801.0,126.0,292.0,328.0,486.0,85.0,186.0,354.0,369.0,589.0,237.0,3796.0,207.0,116.0,259.0,409.0,64.0,453.0,279.0,272.0,263.0,65.0,183.0,10794.0
2020-09-12,255.0,318.0,51.0,202.0,107.0,148.0,225.0,175.0,66.0,153.0,205.0,137.0,253.0,127.0,2052.0,120.0,136.0,167.0,197.0,28.0,188.0,136.0,128.0,92.0,41.0,74.0,5781.0
2020-09-13,41.0,62.0,30.0,67.0,27.0,44.0,51.0,39.0,35.0,60.0,32.0,58.0,48.0,43.0,1010.0,35.0,71.0,15.0,37.0,12.0,45.0,28.0,41.0,15.0,49.0,32.0,2027.0
2020-09-14,126.0,184.0,56.0,467.0,114.0,165.0,201.0,242.0,95.0,172.0,230.0,176.0,339.0,189.0,1843.0,96.0,135.0,39.0,212.0,62.0,257.0,148.0,219.0,92.0,62.0,159.0,6080.0
2020-09-15,129.0,145.0,53.0,266.0,139.0,188.0,138.0,169.0,41.0,116.0,218.0,162.0,319.0,202.0,1759.0,173.0,162.0,39.0,200.0,42.0,219.0,269.0,126.0,96.0,95.0,109.0,5574.0
2020-09-16,117.0,244.0,62.0,256.0,137.0,151.0,176.0,128.0,54.0,171.0,255.0,165.0,277.0,207.0,1867.0,180.0,143.0,38.0,243.0,41.0,167.0,162.0,149.0,110.0,46.0,122.0,5668.0
2020-09-17,157.0,135.0,87.0,249.0,118.0,169.0,164.0,129.0,89.0,145.0,227.0,120.0,327.0,150.0,2615.0,70.0,110.0,59.0,226.0,31.0,280.0,359.0,146.0,131.0,99.0,169.0,6561.0
2020-09-18,123.0,139.0,76.0,250.0,135.0,153.0,160.0,112.0,73.0,108.0,335.0,206.0,213.0,115.0,2284.0,164.0,126.0,62.0,210.0,63.0,516.0,324.0,158.0,146.0,57.0,76.0,6384.0
2020-09-19,170.0,120.0,33.0,177.0,169.0,110.0,183.0,110.0,73.0,78.0,191.0,164.0,128.0,106.0,2108.0,73.0,103.0,55.0,337.0,29.0,412.0,247.0,117.0,38.0,24.0,50.0,5405.0
2020-09-20,93.0,35.0,7.0,46.0,46.0,41.0,43.0,32.0,19.0,29.0,28.0,77.0,53.0,52.0,785.0,55.0,40.0,42.0,14.0,18.0,40.0,52.0,25.0,7.0,13.0,56.0,1748.0
2020-09-21,136.0,151.0,52.0,367.0,94.0,87.0,138.0,146.0,56.0,104.0,201.0,194.0,186.0,91.0,1873.0,66.0,87.0,60.0,149.0,41.0,209.0,330.0,152.0,62.0,74.0,115.0,5221.0
2020-09-22,251.0,199.0,77.0,260.0,104.0,161.0,183.0,131.0,68.0,103.0,242.0,213.0,332.0,223.0,1884.0,142.0,67.0,48.0,173.0,34.0,217.0,606.0,151.0,88.0,127.0,147.0,6231.0
2020-09-23,184.0,221.0,59.0,249.0,115.0,178.0,157.0,227.0,64.0,91.0,229.0,159.0,185.0,202.0,1986.0,80.0,138.0,199.0,277.0,29.0,185.0,361.0,156.0,165.0,53.0,64.0,6013.0
2020-09-24,215.0,118.0,49.0,356.0,126.0,137.0,600.0,161.0,91.0,78.0,226.0,157.0,192.0,138.0,1932.0,99.0,87.0,29.0,72.0,23.0,92.0,424.0,148.0,152.0,77.0,96.0,5875.0
2020-09-25,150.0,152.0,53.0,316.0,99.0,109.0,622.0,127.0,72.0,91.0,274.0,126.0,237.0,176.0,1847.0,113.0,114.0,49.0,96.0,31.0,204.0,259.0,140.0,142.0,76.0,58.0,5733.0
2020-09-26,92.0,92.0,58.0,335.0,50.0,115.0,496.0,104.0,60.0,92.0,215.0,190.0,206.0,244.0,1541.0,57.0,96.0,47.0,49.0,28.0,165.0,166.0,126.0,223.0,22.0,60.0,4929.0
2020-09-27,39.0,19.0,7.0,37.0,30.0,33.0,38.0,13.0,16.0,28.0,41.0,58.0,32.0,14.0,1149.0,53.0,44.0,12.0,8.0,44.0,49.0,46.0,54.0,8.0,12.0,37.0,1921.0
2020-09-28,44.0,77.0,41.0,124.0,29.0,74.0,136.0,66.0,7.0,28.0,81.0,63.0,73.0,64.0,1079.0,50.0,46.0,8.0,41.0,5.0,55.0,51.0,71.0,48.0,27.0,31.0,2419.0
2020-09-29,30.0,116.0,27.0,117.0,42.0,60.0,73.0,73.0,33.0,51.0,65.0,84.0,90.0,156.0,1225.0,154.0,127.0,17.0,33.0,11.0,78.0,51.0,71.0,39.0,33.0,38.0,2894.0
2020-09-30,59.0,99.0,25.0,118.0,33.0,58.0,95.0,90.0,59.0,27.0,85.0,78.0,101.0,75.0,1546.0,39.0,80.0,30.0,40.0,9.0,59.0,53.0,66.0,38.0,47.0,47.0,3056.0
2020-10-01,45.0,116.0,41.0,90.0,45.0,63.0,119.0,54.0,17.0,52.0,82.0,71.0,109.0,97.0,1231.0,69.0,55.0,10.0,43.0,8.0,70.0,104.0,82.0,31.0,30.0,49.0,2783.0
2020-10-02,46.0,154.0,46.0,104.0,31.0,73.0,156.0,47.0,24.0,30.0,96.0,40.0,99.0,66.0,1766.0,60.0,42.0,4.0,20.0,13.0,54.0,108.0,81.0,23.0,15.0,41.0,3239.0
2020-10-03,46.0,85.0,19.0,76.0,38.0,70.0,132.0,57.0,9.0,21.0,71.0,61.0,82.0,62.0,1252.0,31.0,54.0,7.0,26.0,47.0,32.0,53.0,86.0,21.0,24.0,24.0,2486.0
2020-10-04,23.0,43.0,3.0,46.0,21.0,44.0,75.0,10.0,4.0,21.0,23.0,22.0,23.0,30.0,633.0,40.0,17.0,3.0,7.0,9.0,17.0,44.0,31.0,4.0,10.0,9.0,1212.0
2020-10-05,73.0,104.0,27.0,70.0,50.0,47.0,118.0,72.0,20.0,40.0,61.0,67.0,89.0,60.0,1293.0,32.0,32.0,16.0,15.0,12.0,57.0,34.0,116.0,24.0,16.0,31.0,2576.0
2020-10-06,47.0,97.0,38.0,77.0,44.0,82.0,109.0,57.0,20.0,34.0,75.0,61.0,93.0,33.0,1381.0,28.0,55.0,12.0,40.0,20.0,61.0,50.0,169.0,15.0,20.0,83.0,2801.0
2020-10-07,59.0,138.0,44.0,115.0,75.0,67.0,92.0,56.0,17.0,39.0,111.0,82.0,128.0,94.0,1211.0,96.0,33.0,18.0,39.0,16.0,72.0,95.0,169.0,28.0,101.0,73.0,3068.0
2020-10-08,28.0,150.0,28.0,80.0,135.0,73.0,92.0,87.0,27.0,47.0,85.0,128.0,119.0,54.0,1330.0,79.0,54.0,80.0,84.0,9.0,62.0,171.0,116.0,29.0,24.0,55.0,3226.0
2020-10-09,62.0,182.0,33.0,132.0,107.0,43.0,127.0,68.0,10.0,49.0,41.0,128.0,196.0,110.0,1608.0,72.0,54.0,11.0,35.0,81.0,81.0,72.0,155.0,45.0,40.0,83.0,3625.0
2020-10-10,47.0,56.0,15.0,87.0,107.0,75.0,93.0,152.0,21.0,17.0,36.0,84.0,125.0,64.0,1019.0,35.0,68.0,12.0,13.0,33.0,75.0,54.0,106.0,24.0,23.0,95.0,2536.0
2020-10-11,4.0,58.0,21.0,15.0,27.0,39.0,45.0,25.0,5.0,18.0,20.0,43.0,62.0,47.0,575.0,39.0,71.0,8.0,14.0,15.0,55.0,59.0,67.0,5.0,11.0,19.0,1367.0
2020-10-12,153.0,105.0,48.0,84.0,69.0,90.0,117.0,128.0,16.0,47.0,75.0,274.0,132.0,83.0,1101.0,50.0,61.0,34.0,30.0,56.0,121.0,133.0,140.0,56.0,16.0,59.0,3278.0
2020-10-13,52.0,202.0,53.0,100.0,129.0,60.0,175.0,135.0,14.0,59.0,22.0,270.0,109.0,204.0,1432.0,55.0,98.0,24.0,43.0,39.0,87.0,85.0,191.0,49.0,19.0,47.0,3753.0
2020-10-14,63.0,106.0,45.0,93.0,52.0,71.0,129.0,110.0,31.0,47.0,78.0,164.0,116.0,52.0,1165.0,49.0,95.0,26.0,30.0,32.0,136.0,58.0,177.0,44.0,34.0,84.0,3087.0
2020-10-15,46.0,116.0,39.0,87.0,59.0,41.0,120.0,74.0,21.0,51.0,25.0,151.0,135.0,132.0,1153.0,38.0,119.0,32.0,44.0,16.0,98.0,52.0,203.0,31.0,55.0,48.0,2986.0
2020-10-16,94.0,223.0,43.0,75.0,52.0,115.0,141.0,109.0,31.0,44.0,29.0,177.0,187.0,168.0,1404.0,111.0,139.0,9.0,37.0,34.0,187.0,87.0,134.0,37.0,39.0,53.0,3759.0
2020-10-17,65.0,73.0,17.0,65.0,64.0,38.0,169.0,56.0,10.0,27.0,16.0,104.0,112.0,123.0,978.0,25.0,82.0,11.0,16.0,14.0,75.0,25.0,78.0,16.0,30.0,66.0,2355.0
2020-10-18,10.0,56.0,6.0,37.0,25.0,36.0,42.0,23.0,4.0,18.0,39.0,28.0,35.0,33.0,576.0,59.0,25.0,3.0,14.0,2.0,31.0,53.0,28.0,2.0,15.0,35.0,1235.0
2020-10-19,41.0,128.0,59.0,95.0,36.0,70.0,128.0,103.0,7.0,28.0,33.0,153.0,96.0,74.0,1149.0,40.0,88.0,9.0,57.0,25.0,71.0,54.0,97.0,42.0,39.0,61.0,2783.0
2020-10-20,78.0,169.0,29.0,90.0,87.0,75.0,125.0,70.0,18.0,41.0,24.0,114.0,116.0,119.0,1316.0,70.0,58.0,9.0,37.0,14.0,87.0,50.0,98.0,31.0,46.0,47.0,3018.0
2020-10-21,57.0,113.0,24.0,75.0,50.0,35.0,184.0,63.0,10.0,33.0,27.0,124.0,102.0,202.0,1416.0,65.0,86.0,18.0,29.0,9.0,101.0,42.0,143.0,31.0,35.0,43.0,3117.0
2020-10-22,131.0,116.0,39.0,147.0,53.0,58.0,170.0,57.0,13.0,35.0,44.0,108.0,74.0,59.0,995.0,50.0,49.0,14.0,58.0,18.0,77.0,92.0,74.0,23.0,33.0,80.0,2667.0
2020-10-23,84.0,90.0,41.0,167.0,59.0,61.0,157.0,48.0,13.0,40.0,30.0,124.0,116.0,88.0,1093.0,52.0,54.0,9.0,45.0,17.0,68.0,64.0,111.0,32.0,38.0,60.0,2761.0
2020-10-24,113.0,55.0,13.0,114.0,48.0,39.0,127.0,58.0,18.0,61.0,35.0,68.0,62.0,69.0,794.0,27.0,32.0,3.0,22.0,10.0,62.0,85.0,75.0,11.0,22.0,44.0,2067.0
2020-10-25,11.0,38.0,6.0,19.0,19.0,27.0,27.0,12.0,16.0,11.0,12.0,50.0,14.0,28.0,524.0,23.0,5.0,4.0,6.0,5.0,23.0,20.0,40.0,1.0,6.0,22.0,969.0
2020-10-26,39.0,113.0,36.0,56.0,41.0,83.0,108.0,56.0,5.0,50.0,33.0,123.0,56.0,36.0,997.0,27.0,41.0,16.0,65.0,19.0,97.0,57.0,117.0,31.0,30.0,44.0,2376.0
2020-10-27,28.0,101.0,37.0,97.0,59.0,42.0,116.0,49.0,9.0,51.0,82.0,87.0,109.0,77.0,1016.0,55.0,42.0,14.0,53.0,16.0,80.0,40.0,120.0,53.0,30.0,40.0,2503.0
2020-10-28,47.0,114.0,29.0,49.0,46.0,58.0,111.0,51.0,22.0,42.0,26.0,123.0,98.0,40.0,806.0,31.0,29.0,6.0,25.0,15.0,77.0,34.0,102.0,31.0,21.0,45.0,2078.0
2020-10-29,19.0,144.0,56.0,91.0,49.0,47.0,188.0,60.0,36.0,39.0,37.0,94.0,115.0,63.0,833.0,31.0,81.0,28.0,42.0,8.0,86.0,43.0,181.0,17.0,12.0,28.0,2428.0
2020-10-30,18.0,294.0,26.0,76.0,48.0,28.0,107.0,41.0,51.0,26.0,33.0,88.0,112.0,48.0,837.0,48.0,61.0,19.0,26.0,12.0,72.0,25.0,122.0,50.0,26.0,46.0,2340.0
2020-10-31,26.0,215.0,8.0,52.0,39.0,31.0,182.0,32.0,28.0,32.0,34.0,73.0,65.0,29.0,889.0,26.0,90.0,10.0,38.0,8.0,60.0,29.0,96.0,13.0,19.0,12.0,2136.0
2020-11-01,16.0,42.0,3.0,16.0,26.0,23.0,25.0,21.0,2.0,10.0,9.0,24.0,41.0,25.0,374.0,24.0,15.0,5.0,10.0,4.0,38.0,25.0,77.0,9.0,8.0,11.0,883.0
2020-11-02,36.0,78.0,21.0,47.0,41.0,50.0,150.0,33.0,14.0,43.0,23.0,73.0,69.0,42.0,744.0,39.0,98.0,16.0,43.0,15.0,59.0,45.0,124.0,35.0,33.0,40.0,2011.0
2020-11-03,30.0,72.0,23.0,78.0,51.0,39.0,162.0,67.0,14.0,39.0,25.0,78.0,64.0,79.0,886.0,31.0,74.0,22.0,55.0,16.0,77.0,43.0,68.0,33.0,21.0,75.0,2222.0
2020-11-04,56.0,78.0,23.0,43.0,35.0,50.0,141.0,56.0,9.0,24.0,48.0,95.0,63.0,65.0,964.0,37.0,114.0,26.0,44.0,14.0,75.0,44.0,99.0,40.0,17.0,46.0,2306.0
2020-11-05,29.0,72.0,46.0,54.0,37.0,58.0,167.0,55.0,8.0,51.0,25.0,76.0,58.0,38.0,759.0,43.0,88.0,16.0,51.0,13.0,67.0,46.0,93.0,37.0,33.0,30.0,2050.0
2020-11-07,13.0,72.0,19.0,38.0,37.0,29.0,44.0,49.0,4.0,15.0,16.0,36.0,110.0,66.0,596.0,20.0,35.0,17.0,37.0,18.0,55.0,31.0,104.0,46.0,25.0,53.0,1585.0
2020-11-08,10.0,36.0,11.0,14.0,25.0,14.0,24.0,96.0,4.0,25.0,14.0,32.0,24.0,16.0,383.0,17.0,51.0,5.0,6.0,12.0,26.0,15.0,42.0,14.0,11.0,54.0,981.0
2020-11-09,30.0,106.0,26.0,68.0,35.0,37.0,107.0,36.0,21.0,29.0,46.0,60.0,91.0,19.0,828.0,52.0,44.0,8.0,38.0,41.0,76.0,31.0,67.0,54.0,30.0,18.0,1998.0
2020-11-10,42.0,63.0,30.0,62.0,40.0,61.0,81.0,51.0,9.0,61.0,27.0,78.0,78.0,57.0,733.0,50.0,73.0,7.0,29.0,33.0,99.0,51.0,89.0,34.0,20.0,58.0,2016.0
2020-11-11,21.0,90.0,26.0,70.0,26.0,36.0,125.0,40.0,11.0,27.0,22.0,80.0,82.0,85.0,660.0,53.0,87.0,26.0,30.0,18.0,68.0,38.0,62.0,43.0,14.0,31.0,1871.0
2020-11-12,21.0,82.0,32.0,72.0,27.0,45.0,87.0,38.0,15.0,44.0,17.0,100.0,55.0,113.0,637.0,43.0,76.0,22.0,42.0,16.0,67.0,57.0,98.0,38.0,32.0,35.0,1911.0
2020-11-13,12.0,72.0,33.0,54.0,40.0,55.0,130.0,32.0,11.0,75.0,10.0,83.0,46.0,53.0,814.0,48.0,74.0,27.0,43.0,18.0,98.0,43.0,97.0,39.0,22.0,72.0,2101.0
2020-11-14,16.0,56.0,13.0,29.0,25.0,53.0,59.0,39.0,10.0,30.0,29.0,86.0,38.0,49.0,520.0,47.0,22.0,25.0,42.0,13.0,55.0,26.0,41.0,28.0,9.0,21.0,1381.0
2020-11-15,7.0,23.0,8.0,35.0,22.0,36.0,42.0,19.0,7.0,32.0,10.0,17.0,30.0,8.0,404.0,9.0,22.0,5.0,6.0,10.0,29.0,16.0,30.0,4.0,7.0,30.0,868.0
2020-11-16,52.0,38.0,23.0,36.0,33.0,43.0,81.0,54.0,10.0,30.0,18.0,84.0,57.0,36.0,562.0,36.0,32.0,6.0,41.0,12.0,97.0,41.0,75.0,29.0,16.0,50.0,1592.0
2020-11-17,75.0,83.0,34.0,69.0,32.0,76.0,82.0,43.0,13.0,25.0,23.0,96.0,57.0,113.0,588.0,41.0,37.0,15.0,35.0,24.0,96.0,41.0,82.0,37.0,5.0,47.0,1869.0
2020-11-18,23.0,61.0,15.0,50.0,22.0,47.0,63.0,39.0,16.0,32.0,10.0,75.0,64.0,95.0,575.0,43.0,42.0,12.0,30.0,17.0,61.0,50.0,46.0,21.0,7.0,30.0,1546.0
2020-11-19,54.0,105.0,21.0,59.0,47.0,44.0,114.0,44.0,16.0,55.0,17.0,81.0,93.0,153.0,550.0,45.0,62.0,11.0,28.0,25.0,63.0,38.0,78.0,32.0,29.0,10.0,1874.0
2020-11-20,24.0,64.0,15.0,43.0,35.0,50.0,98.0,43.0,8.0,36.0,13.0,80.0,55.0,80.0,683.0,25.0,27.0,7.0,46.0,22.0,94.0,51.0,102.0,19.0,12.0,24.0,1756.0
2020-11-21,14.0,76.0,7.0,30.0,36.0,21.0,75.0,37.0,19.0,18.0,21.0,53.0,64.0,58.0,435.0,21.0,19.0,6.0,16.0,13.0,54.0,49.0,45.0,20.0,9.0,27.0,1243.0
2020-11-22,18.0,25.0,11.0,20.0,16.0,31.0,17.0,30.0,7.0,17.0,8.0,41.0,17.0,9.0,358.0,6.0,10.0,4.0,7.0,11.0,16.0,12.0,17.0,1.0,4.0,26.0,739.0
2020-11-23,33.0,41.0,21.0,23.0,46.0,38.0,83.0,32.0,11.0,30.0,25.0,77.0,53.0,56.0,445.0,27.0,22.0,2.0,40.0,23.0,74.0,33.0,124.0,36.0,11.0,23.0,1429.0
2020-11-24,57.0,46.0,13.0,53.0,31.0,45.0,87.0,62.0,8.0,48.0,13.0,80.0,101.0,52.0,525.0,40.0,30.0,21.0,36.0,2.0,65.0,28.0,59.0,21.0,12.0,34.0,1569.0
2020-11-25,33.0,65.0,61.0,37.0,40.0,43.0,90.0,59.0,8.0,35.0,18.0,95.0,68.0,43.0,553.0,14.0,32.0,14.0,26.0,9.0,86.0,53.0,55.0,47.0,10.0,28.0,1622.0
2020-11-26,12.0,87.0,23.0,77.0,15.0,35.0,120.0,49.0,6.0,53.0,19.0,81.0,79.0,84.0,477.0,23.0,21.0,11.0,27.0,12.0,61.0,56.0,74.0,47.0,28.0,18.0,1595.0
2020-11-27,23.0,133.0,51.0,91.0,38.0,56.0,90.0,86.0,22.0,42.0,18.0,51.0,87.0,201.0,623.0,48.0,59.0,6.0,32.0,10.0,120.0,52.0,68.0,46.0,13.0,4.0,2070.0
2020-11-28,10.0,27.0,17.0,42.0,26.0,24.0,62.0,60.0,6.0,40.0,20.0,60.0,30.0,40.0,356.0,19.0,25.0,7.0,8.0,7.0,81.0,36.0,65.0,54.0,9.0,1.0,1132.0
2020-11-29,33.0,58.0,4.0,35.0,12.0,48.0,42.0,21.0,2.0,29.0,14.0,29.0,21.0,27.0,431.0,17.0,21.0,4.0,10.0,6.0,34.0,19.0,34.0,4.0,15.0,1.0,971.0
2020-11-30,18.0,50.0,43.0,67.0,34.0,30.0,95.0,45.0,11.0,37.0,13.0,76.0,63.0,49.0,634.0,22.0,31.0,10.0,30.0,10.0,80.0,39.0,54.0,43.0,13.0,7.0,1604.0
2020-12-01,8.0,58.0,25.0,84.0,43.0,43.0,72.0,45.0,7.0,32.0,16.0,77.0,41.0,115.0,518.0,52.0,44.0,3.0,37.0,4.0,74.0,28.0,64.0,23.0,13.0,9.0,1535.0
2020-12-02,26.0,34.0,25.0,44.0,29.0,79.0,72.0,35.0,5.0,31.0,23.0,57.0,75.0,78.0,486.0,32.0,70.0,20.0,17.0,6.0,60.0,39.0,35.0,29.0,14.0,14.0,1435.0
2020-12-03,12.0,91.0,22.0,48.0,23.0,52.0,63.0,48.0,13.0,72.0,16.0,57.0,45.0,90.0,584.0,43.0,45.0,15.0,33.0,8.0,59.0,31.0,33.0,17.0,18.0,26.0,1564.0
2020-12-04,11.0,60.0,49.0,54.0,18.0,41.0,95.0,54.0,6.0,48.0,29.0,66.0,50.0,50.0,470.0,29.0,31.0,12.0,32.0,24.0,48.0,27.0,27.0,27.0,9.0,13.0,1380.0
2020-12-05,4.0,23.0,14.0,33.0,23.0,25.0,52.0,27.0,7.0,25.0,56.0,40.0,99.0,115.0,369.0,17.0,48.0,11.0,19.0,9.0,47.0,30.0,22.0,14.0,35.0,5.0,1169.0
2020-12-07,14.0,40.0,29.0,35.0,16.0,33.0,72.0,35.0,14.0,35.0,22.0,64.0,27.0,36.0,555.0,30.0,23.0,10.0,18.0,9.0,53.0,25.0,32.0,25.0,5.0,5.0,1262.0
2020-12-08,4.0,41.0,7.0,13.0,16.0,34.0,14.0,29.0,4.0,19.0,3.0,27.0,13.0,28.0,251.0,38.0,8.0,7.0,34.0,1.0,36.0,19.0,20.0,8.0,5.0,16.0,695.0
2020-12-09,7.0,49.0,15.0,92.0,17.0,34.0,68.0,26.0,4.0,122.0,31.0,155.0,47.0,128.0,551.0,13.0,21.0,7.0,22.0,10.0,39.0,39.0,54.0,24.0,16.0,25.0,1616.0
2020-12-10,8.0,61.0,26.0,41.0,24.0,52.0,86.0,21.0,7.0,35.0,26.0,114.0,32.0,123.0,422.0,30.0,58.0,7.0,28.0,6.0,29.0,36.0,39.0,26.0,19.0,25.0,1381.0
2020-12-11,16.0,68.0,30.0,84.0,27.0,27.0,75.0,47.0,7.0,28.0,20.0,134.0,45.0,160.0,548.0,43.0,2.0,9.0,26.0,9.0,28.0,40.0,84.0,31.0,8.0,27.0,1623.0
2020-12-12,12.0,47.0,10.0,41.0,20.0,25.0,62.0,45.0,0.0,57.0,4.0,44.0,36.0,37.0,562.0,24.0,3.0,2.0,18.0,12.0,29.0,21.0,44.0,15.0,1.0,28.0,1199.0
2020-12-13,0.0,133.0,0.0,12.0,5.0,5.0,56.0,5.0,14.0,42.0,9.0,10.0,63.0,11.0,346.0,21.0,0.0,0.0,17.0,2.0,15.0,8.0,2.0,1.0,1.0,12.0,790.0
